<?xml version="1.0" encoding="UTF-8"?>
<GenRun Id="axi_vip_0_synth_1" LaunchPart="xc7z020clg484-1" LaunchTime="1711959019">
  <File Type="REPORTS-TCL" Name="axi_vip_0_reports.tcl"/>
  <File Type="PA-TCL" Name="axi_vip_0.tcl"/>
  <File Type="RDS-DCP" Name="axi_vip_0.dcp"/>
  <File Type="RDS-RDS" Name="axi_vip_0.vds"/>
  <File Type="RDS-UTIL" Name="axi_vip_0_utilization_synth.rpt"/>
  <File Type="RDS-UTIL-PB" Name="axi_vip_0_utilization_synth.pb"/>
  <FileSet Name="sources" Type="BlockSrcs" RelSrcDir="$PSRCDIR/axi_vip_0">
    <File Path="$PSRCDIR/sources_1/ip/axi_vip_0/axi_vip_0.xci">
      <FileInfo>
        <Attr Name="UsedIn" Val="synthesis"/>
        <Attr Name="UsedIn" Val="implementation"/>
        <Attr Name="UsedIn" Val="simulation"/>
      </FileInfo>
    </File>
    <Config>
      <Option Name="TopModule" Val="axi_vip_0"/>
      <Option Name="UseBlackboxStub" Val="1"/>
    </Config>
  </FileSet>
  <FileSet Name="constrs_in" Type="BlockSrcs" RelSrcDir="$PSRCDIR/axi_vip_0">
    <File Path="$PSRCDIR/sources_1/ip/axi_vip_0/axi_vip_0.xci">
      <FileInfo>
        <Attr Name="UsedIn" Val="synthesis"/>
        <Attr Name="UsedIn" Val="implementation"/>
        <Attr Name="UsedIn" Val="simulation"/>
      </FileInfo>
    </File>
    <Config>
      <Option Name="TopModule" Val="axi_vip_0"/>
      <Option Name="UseBlackboxStub" Val="1"/>
    </Config>
  </FileSet>
  <FileSet Name="utils" Type="Utils" RelSrcDir="$PSRCDIR/utils_1">
    <Filter Type="Utils"/>
    <Config>
      <Option Name="TopAutoSet" Val="TRUE"/>
    </Config>
  </FileSet>
  <Strategy Version="1" Minor="2">
    <StratHandle Name="Vivado Synthesis Defaults" Flow="Vivado Synthesis 2020"/>
    <Step Id="synth_design"/>
  </Strategy>
</GenRun>
